Name,Dex #,Item,Ability ,Move A,Move B,Move C,Move D,Nature,IVs *,HP,Atk,Def,Sp.Atk,Sp.Def,Speed,Notes,,,,Test,,
Bulbasaur,1,--,Overgrow,Power Whip,Leech Seed,Sleep Powder,Protect,Adamant,24,245,168,148,148,190,140,* IVs are shown for the most common value if not all IVs are equal,,,,,,
Ivysaur,2,--,Overgrow,Energy Ball,Sludge Bomb,Poison Powder,Synthesis,Modest,16,267,149,168,222,202,162,"If you spot any errors/improvements, let me (Addarash1) or Chaos_lord2 know via Twitch messages.",HP deciles (1 row is 10%),Attack deciles,Defence deciles,S.atk deciles,S.def deciles,Speed deciles
Venusaur,3,--,Overgrow,Sludge,Mega Drain,Nature Power,Grass Whistle,Rash,5,296,192,187,305,198,220,,232.1,116,122,99.1,125.1,100
Charmander,4,--,Blaze,Flare Blitz,Outrage,Will-O-Wisp,Swords Dance,Adamant,31,230,223,122,140,136,219,,250,141.6,140,116,142,124
Charmelon,5,--,Solar Power,Flamethrower,Dragon Pulse,Ancient Power,Sunny Day,Calm,31,320,147,196,196,196,203,Low stat,263.3,164.3,150,140,155.3,141
Charizard,6,--,Blaze,Wing Attack,Ember,Rock Tomb,Growl,Quiet,31,323,215,218,321,232,212,80,272,183.4,162,160.4,166,158.4
Squirtle,7,--,Torrent,Hydro Pump,Aura Sphere,Ice Beam,Mirror Coat,Modest,31,292,118,167,218,164,122,100,280.5,196,173,180,177,176
Wartortle,8,--,Rain Dish,Dive,Dig,Toxic,Rain Dance,Sassy,31,280,183,217,187,238,115,120,289,206.6,186.6,195,190,195
Blastoise,9,--,Torrent,Hydro Cannon,Zap Cannon,Flash Cannon,Withdraw,Calm,4,293,157,241,200,276,186,140,300,219,201,212,202.7,211.7
Caterpie,10,--,Shield Dust,Bug Bite,Tackle,String Shot,Snore,Adamant,31,245,174,120,68,90,147,160,317,233,218,225,220.8,228
Metapod,11,--,Shed Skin,Bug Bite,Tackle,String Shot,Iron Defense,Adamant,31,241,152,148,77,148,96,180,339.9,254,255.8,247,246.9,248.9
Butterfree,12,--,Compound Eyes,Bug Buzz,Psychic,Sleep Powder,Supersonic,Jolly,18,269,134,144,183,204,202,200,641,359,496,365,496,365
Weedle,13,--,Shield Dust,Bug Bite,Poison Sting,String Shot,--,Adamant,31,235,185,110,68,90,157,220,Average Stat:,,,,,
Kakuna,14,--,Shed Skin,Bug Bite,Poison Sting,String Shot,Iron Defense,Adamant,31,232,163,136,77,86,169,240,285.0776892,189.9820717,181.9462151,176.059761,182.5697211,176.4322709
Beedrill ,15,--,Swarm,Poison Jab,Twinneedle,Swords Dance,Toxic Spikes,Adamant,18,279,224,124,120,204,194,260,,,,,,
Pidgey,16,--,Tangled Feet,Brave Bird,Return (102),Feather Dance,Roost,Adamant,31,222,207,116,95,106,211,280,,,,,,
Pidgeotto,17,--,Tangled Feet,Air Slash,Heat Wave,Captivate,Roost,Modest,31,268,140,146,218,136,241,High stat,,,,,,
Pidgeot ,18,--,Tangled Feet,Giga Impact,Sky Attack,Mirror Move,Roost,Jolly,10,307,196,197,139,187,239,,,,,,,
Rattata,19,--,Hustle,Double-Edge,Crunch,Dig,Quick Attack,Jolly,31,202,211,106,77,106,267,,,,,,,
Raticate,20,--,Guts,Super Fang,Hyper Fang,Revenge,Flame Wheel,Adamant,15,260,229,165,108,185,239,,,,,,,
Spearow,21,--,Sniper,Double-Edge,Fly,Steel Wing,Mirror Move,Jolly,31,222,219,96,88,98,262,,,,,,,
Fearow,22,--,Sniper,Drill Peck,Giga Impact,Steel Wing,Growl,Careful,13,274,219,169,144,177,239,,,,,,,
Ekans,23,--,Intimidate,Gunk Shot,Earthquake,Seed Bomb,Glare,Careful,31,232,198,145,103,205,146,,,,,,,
Arbok,24,--,Intimidate,Poison Fang,Ice Fang,Fire Fang,Thunder Fang,Quirky,13,264,209,177,169,197,199,,,,,,,
Pikachu,25,--,Static,Thunderbolt,Surf,Signal Beam,Nasty Plot,Modest,31,229,131,104,218,124,246,,,,,,,
Raichu,26,--,Static,Thunder,Fly,Dig,Magnet Rise,Docile,9,260,215,145,215,195,235,,,,,,,
Sandshrew,27,--,Sand Veil,Earthquake,Rock Slide,X-Scissor,Swords Dance,Adamant,31,251,239,206,68,149,148,,,,,,,
Sandslash,28,--,Sand Veil,Earthquake,Strength,Poison Jab,Sandstorm,Careful,12,293,238,258,115,162,168,,,,,,,
Nidoran-F,29,--,Hustle,Poison Jab,Dig,Aerial Ace,Lovely Kiss,Adamant,31,266,212,143,104,119,161,,,,,,,
Nidorina,30,--,Rivalry,Super Fang,Sludge Bomb,Blizzard,Flatter,Modest,20,291,134,180,217,156,137,,,,,,,
Nidoqueen,31,--,Poison Point,Earthquake,Poison Jab,Icy Wind,Tail Whip,Modest,8,319,178,208,202,204,186,,,,,,,
Nidoran-M,32,--,Hustle,Poison Jab,Head Smash,Sucker Punch,Horn Drill,Jolly,31,265,182,130,104,130,188,,,,,,,
Nidorino,33,--,Rivalry,Sludge Bomb,Thunder,Horn Drill,Flatter,Modest,20,273,152,171,194,167,155,,,,,,,
Nidoking,34,--,Rivalry,Earth Power,Poison Jab,Surf,Horn Drill,Sassy,8,301,208,188,204,202,183,,,,,,,
Clefairy,35,--,Magic Guard,Hyper Voice,Ice Beam,Calm Mind,Metronome,Modest,31,313,113,164,210,194,106,,,,,,,
Clefable,36,--,Magic Guard,Strength,Meteor Mash,Copycat,Endure,Adamant,10,313,193,203,166,216,156,,,,,,,
Vulpix,37,--,Drought,Fire Blast,Energy Ball,Confuse Ray,Will-O-Wisp,Calm,31,219,106,148,183,198,198,,,,,,,
Ninetales,38,--,Flash Fire,Overheat,Dig,Grudge,Power Swap,Naughty,7,284,203,183,195,209,233,,,,,,,
Jigglypuff,39,--,Cute Charm,Seismic Toss,Perish Song,Light Screen,Reflect,Impish,31,372,126,152,113,149,76,,,,,,,
Wigglytuff,40,--,Cute Charm,Pound,Focus Punch,Shadow Ball,Sing,Adamant,31,442,262,147,167,157,126,,,,,,,
Zubat,41,--,Inner Focus,Super Fang,Brave Bird,Confuse Ray,Toxic,Jolly,31,222,189,106,86,116,229,,,,,,,
Golbat,42,--,Inner Focus,Air Slash,Giga Drain,Confuse Ray,Taunt,Hasty,31,291,165,158,180,186,253,,,,,,,
Oddish,43,--,Chlorophyll,Solar Beam,Sludge Bomb,Teeter Dance,Sunny Day,Modest,31,290,122,150,239,166,128,,,,,,,
Gloom,44,--,Chlorophyll,Energy Ball,Sludge Bomb,Moonlight,Sunny Day,Timid,17,268,155,183,213,193,135,,,,,,,
Vileplume,45,--,Effect Spore,Mega Drain,Acid,Drain Punch,Moonlight,Modest,31,313,176,227,328,237,136,,,,,,,
Paras,46,--,Dry Skin,Seed Bomb,X-Scissor,Spore,Swords Dance,Adamant,31,212,262,146,113,146,149,,,,,,,
Parasect,47,--,Dry Skin,Seed Bomb,Slash,Spore,Agility,Jolly,31,282,289,196,140,196,151,,,,,,,
Venonat,48,--,Tinted Lens,Sludge Bomb,Psychic,Sleep Powder,Morning Sun,Timid,26,257,126,131,174,141,202,,,,,,,
Venomoth,49,--,Tinted Lens,Bug Buzz,Disable,Toxic Spikes,Substitute,Bold ,12,283,151,173,218,188,218,,,,,,,
Diglett,50,--,Sand Veil,Earthquake,Rock Slide,Fissure,Memento,Jolly,31,162,209,86,95,126,317,,,,,,,
Dugtrio,51,--,Arena Trap,Dig,Stone Edge,Fissure,Stealth Rock,Jolly,16,217,202,142,127,182,310,,,,,,,
Meowth,52,--,Technician,Flail,Bite,Spite,Substitute,Adamant,27,237,203,102,100,112,256,,,,,,,
Persian,53,--,Technician,Fake Out,Headbutt,Thunderbolt,Water Pulse,Lonely,13,274,196,143,169,169,269,,,,,,,
Psyduck,54,--,Cloud Nine,Surf,Petal Dance,Disable,Yawn,Modest,24,255,138,146,198,150,160,,,,,,,
Golduck,55,--,Cloud Nine,Aqua Tail,Zen Headbutt,Cross Chop,Tail Whip,Adamant,7,298,216,189,200,193,203,,,,,,,
Mankey,56,--,Anger Point,Close Combat,Iron Tail,Smelling Salts,Substitute,Jolly,26,237,212,122,109,142,211,,,,,,,
Primeape,57,--,Vital Spirit,Cross Chop,Overheat,Thrash,Focus Energy,Modest,11,272,222,157,172,177,227,,,,,,,
Growlithe,58,--,Intimidate,Flare Blitz,Close Combat,Will-O-Wisp,Morning Sun,Jolly,31,272,197,147,158,157,217,,,,,,,
Arcanine,59,--,Intimidate,Flame Wheel,Crunch,Extreme Speed,Roar,Careful,2,313,248,188,205,206,218,,,,,,,
Poliwag,60,--,Damp,Surf,Hypnosis,Swagger,Growth,Timid,26,230,117,125,174,125,255,,,,,,,
Poliwhirl,61,--,Damp,Dive,Wake-Up Slap,Ice Ball,Hypnosis,Adamant,18,279,215,174,110,144,224,,,,,,,
Poliwrath,62,--,Water Absorb,Hydro Pump,Dynamic Punch,Mind Reader,Bulk Up,Mild,7,318,203,200,190,213,173,,,,,,,
Abra,63,--,Synchronize,Psychic,Energy Ball,Guard Swap,Swagger,Timid,25,206,63,81,261,161,279,,,,,,,
Kadabra,64,--,Magic Guard,Psychic,Shock Wave,Kinesis,Role Play,Careful,17,228,92,124,254,201,253,,,,,,,
Alakazam,65,--,Inner Focus,Psybeam,Signal Beam,Kinesis,Metronome,Impish,8,249,155,136,254,204,274,,,,,,,
Machop,66,--,No Guard,Dynamic Punch,Mega Kick,Earthquake,Bullet Punch,Brave,26,297,233,152,122,122,109,,,,,,,
Machoke,67,--,No Guard,Cross Chop,Rock Slide,Bullet Punch,Scary Face,Sassy,16,307,242,182,142,178,118,,,,,,,
Machamp,68,--,No Guard,Submission,Fire Blast,Rock Climb,Toxic,Modest,7,318,263,193,179,203,143,,,,,,,
Bellsprout,69,--,Chlorophyll,Sludge Bomb,Weather Ball,Sleep Powder,Sunny Day,Timid,31,242,167,106,239,96,196,,,,,,,
Weepinbell,70,--,Chlorophyll,Power Whip,Wring Out,Growth,Sunny Day,Modest,31,293,194,157,295,147,146,,,,,,,
Victreebel,71,--,Chlorophyll,Vine Whip,Slam,Leech Life,Tickle,Adamant,31,322,339,177,212,167,197,,,,,,,
Tentacool,72,--,Clear Body,Hydro Pump,Sludge Bomb,Blizzard,Mirror Coat,Gentle,23,234,108,88,191,273,189,,,,,,,
Tentacruel,73,--,Liquid Ooze,Muddy Water,Sludge Bomb,Barrier,Toxic Spikes,Quirky,6,297,172,162,192,272,232,,,,,,,
Geodude,74,--,Sturdy,Earthquake,Stone Edge,Sucker Punch,Explosion,Careful,31,284,197,236,86,174,76,,,,,,,
Graveler,75,--,Sturdy,Dig,Rock Slide,Rock Polish,Self-Destruct,Careful,18,263,240,278,101,151,118,,,,,,,
Golem,76,--,Sand Veil,Magnitude,Rollout,Defense Curl,Sandstorm,Gentle,31,333,256,295,146,251,126,,,,,,,
Ponyta,77,--,Flame Body,Flare Blitz,Iron Tail,Hypnosis,Morning Sun,Jolly,16,247,212,152,154,172,244,,,,,,,
Rapidash,78,--,Flash Fire,Heat Wave,Iron Tail,Stomp,Horn Drill,Hasty,7,268,233,155,193,193,267,,,,,,,
Slowpoke,79,--,Own Tempo,Aqua Tail,Zen Headbutt,Earthquake,Curse,Careful,25,336,181,181,117,144,81,,,,,,,
Slowbro,80,--,Own Tempo,Psychic,Water Pulse,Yawn,Trick Room,Naughty,8,329,202,254,234,174,94,,,,,,,
Magnemite,81,--,Sturdy,Thunderbolt,Flash Cannon,Supersonic,Thunder Wave,Rash,24,205,120,190,264,144,140,,,,,,,
Magneton,82,--,Sturdy,Discharge,Mirror Shot,Metal Sound,Supersonic,Naughty,10,241,171,226,276,158,176,,,,,,,
Farfetch'd,83,--,Inner Focus,Slash,Fly,Leaf Blade,Swords Dance,Jolly,21,252,177,172,127,171,194,,,,,,,
Doduo,84,--,Tangled Feet,Fly,Facade,Low Kick,Haze,Jolly,31,232,227,158,95,138,227,,,,,,,
Dodrio,85,--,Early Bird,Drill Peck,Tri Attack,Acupressure,Rest,Modest,11,263,212,198,172,178,216,,,,,,,
Seel,86,--,Hydration,Surf,Icy Wind,Encore,Perish Song,Bold,31,303,113,195,157,208,126,,,,,,,
Dewgong,87,--,Thick Fat,Ice Beam,Brine,Signal Beam,Aqua Ring,Bold,9,320,157,214,175,225,175,,,,,,,
Grimer,88,--,Stench,Gunk Shot,Dig,Shadow Sneak,Screech,Adamant,24,315,232,160,98,160,100,,,,,,,
Muk,89,--,Sticky Hold,Sludge,Thunder,Giga Drain,Acid Armor,Modest,7,348,199,183,179,254,133,,,,,,,
Shellder,90,--,Skill Link,Dive,Avalanche,Rock Blast,Ice Shard,Careful,26,259,193,231,108,124,111,,,,,,,
Cloyster,91,--,Skill Link,Surf,Icicle Cannon,Spike Cannon,Spikes,Gentle,5,236,242,333,180,156,171,,,,,,,
Gastly,92,--,Levitate,Sludge Bomb,Shadow Ball,Thunderbolt,Destiny Bond,Timid,25,216,108,111,251,121,232,,,,,,,
Haunter,93,--,Levitate,Night Shade,Dream Eater,Curse,Hypnosis,Timid,16,237,127,132,272,152,255,,,,,,,
Gengar,94,--,Levitate,Dark Pulse,Night Shade,Taunt,Self-Destruct,Naughty,7,258,200,153,267,164,253,,,,,,,
Onix,95,--,Sturdy,Earthquake,Stone Edge,Screech,Rock Polish,Adamant,18,209,193,364,74,124,184,,,,,,,
Drowzee,96,--,Insomnia,Shadow Ball,Dream Eater,Seismic Toss,Hypnosis,Relaxed,23,274,124,152,177,229,100,,,,,,,
Hypno,97,--,Insomnia,Psywave,Nightmare,Hypnosis,Assist,Bold,9,317,144,216,160,272,176,,,,,,,
Krabby,98,--,Shell Armor,Crabhammer,Guillotine,Amnesia,Iron Defence,Careful,24,257,239,209,71,156,130,,,,,,,
Kingler,99,--,Hyper Cutter,Crabhammer,Brick Break,Vice Grip,Tickle,Impish,9,250,295,291,121,135,185,,,,,,,
Voltorb,100,--,Aftermath,Thunder,Light Screen,Rain Dance,Explosion,Hasty,23,234,96,115,209,138,297,,,,,,,
Electrode,101,--,Soundproof,Thunder,Rollout,Charge,Self-Destruct,Timid,9,260,160,175,195,195,323,,,,,,,
Exeggcute,102,--,Chlorophyll,Giga Drain,Dream Eater,Leech Seed,Sleep Powder,Careful,31,324,116,218,140,184,116,,,,,,,
Exeggutor,103,--,Chlorophyll,Wood Hammer,Psychic,Egg Bomb,Ingrain,Careful,5,326,221,201,252,177,141,,,,,,,
Cubone,104,--,Battle Armor,Bonemerang,Icy Wind,Perish Song,Seismic Toss,Sassy,24,240,180,225,130,165,108,,,,,,,
Marowak,105,--,Rock Head,Bone Club,Take Down,Submission,Growl,Careful,31,289,252,270,122,231,140,,,,,,,
Hitmonlee,106,--,Limber,Hi Jump Kick,Vaccum Wave,Blaze Kick,Feint,Modest,11,242,249,143,117,257,211,,,,,,,
Hitmonchan,107,--,Iron Fist,Mach Punch,Ice Punch,Comet Punch,Counter,Lax,11,242,247,214,107,231,189,,,,,,,
Lickitung,108,--,Cloud Nine,Mega Kick,Power Whip,Hammer Arm,Lick,Brave,18,329,229,173,143,173,124,,,,,,,
Koffing,109,--,Levitate,Sludge Bomb,Fire Blast,Pain Split,Will-O-Wisp,Sassy,22,254,157,238,168,174,87,,,,,,,
Weezing,110,--,Levitate,Sludge Bomb,Thunder,Dark Pulse,Self-Destruct,Docile,8,269,214,274,204,174,154,,,,,,,
Rhyhorn,111,--,Reckless,Earthquake,Stone Edge,Submission,Roar,Careful,31,322,227,247,86,174,86,,,,,,,
Rhydon,112,--,Lightning Rod,Rock Blast,Megahorn,Fire Blast,Surf,Modest,31,373,266,276,207,147,137,,,,,,,
Chansey,113,--,Serene Grace,Ice Beam,Mud Bomb,Charge Beam,Sing,Bashful,31,641,46,109,148,246,157,,,,,,,
Tangela,114,--,Chlorophyll,Mega Drain,Sleep Powder,Growth,Substitute,Bold,13,274,115,295,239,140,159,,,,,,,
Kangaskhan,115,--,Scrappy,Fake Out,Dizzy Punch,Outrage,Reversal,Quiet,8,349,224,194,125,194,192,,,,,,,
Horsea,116,--,Swift Swim,Hydro Pump,Ice Beam,Smokescreen,Rain Dance,Modest,27,218,119,193,212,103,173,,,,,,,
Seadra,117,--,Sniper,Muddy Water,Dragon Breath,Toxic,Smokescreen,Hasty,13,254,169,206,229,129,229,,,,,,,
Goldeen,118,--,Swift Swim,Waterfall,Megahorn,Horn Drill,Rain Dance,Adamant,24,245,202,170,108,150,176,,,,,,,
Seaking,119,--,Lightning Rod,Hydro Pump,Poison Jab,Horn Drill,Agility,Quiet,12,303,222,168,195,198,147,,,,,,,
Staryu,120,--,Illuminate,Hydro Pump,Thunder,Psychic,Pain Split,Timid,31,201,113,183,218,183,238,,,,,,,
Starmie,121,--,Natural Cure,Psychic,Water Pulse,Power Gem,Camouflage,Impish,5,256,181,221,207,201,261,,,,,,,
Mr. Mime,122,--,Filter,Psybeam,Focus Blast,Magical Leaf,Reflect,Bold,11,222,114,183,237,277,217,,,,,,,
Scyther,123,--,Technician,X-Scissor,Wing Attack,False Swipe,Focus Energy,Quirky,7,278,253,193,143,193,243,,,,,,,
Jynx,124,--,Dry Skin,Psychic,Icy Wind,Lick,Sweet Kiss,Jolly,11,272,137,107,240,227,249,,,,,,,
Electabuzz,125,--,Static,Thunder Punch,Dynamic Punch,Ice Punch,Thunder Wave,Naive,8,269,200,148,224,183,268,,,,,,,
Magmar,126,--,Flame Body,Flamethrower,Focus Blast,Smokescreen,Confuse Ray,Timid,8,269,201,148,234,204,242,,,,,,,
Pinsir,127,--,Mold Breaker,X-Scissor,Vital Throw,Rock Throw,Guillotine,Bold,7,268,254,256,143,173,203,,,,,,,
Tauros,128,--,Anger Point,Horn Attack,Zen Headbutt,Rock Slide,Endure,Adamant,8,289,257,224,102,174,254,,,,,,,
Magikarp,129,--,Swift Swim,Splash,Hydro Pump,Bounce,Dragon Rage,Modest,31,181,50,146,141,76,259,,,,,,,
Gyarados,130,--,Intimidate,Aqua Tail,Hyper Beam,Twister,Taunt,Modest,0,300,229,163,240,205,179,,,,,,,
Lapras,131,--,Shell Armor,Surf,Avalanche,Strength,Captivate,Adamant,4,395,220,190,180,220,150,,,,,,,
Ditto,132,Quick Powder,Limber,Transform,--,--,--,Timid,27,296,115,128,128,128,210,,,,,,,
Eevee,133,--,Adaptability,Take Down,Iron Tail,Quick Attack,Curse,Jolly,31,298,209,153,113,166,160,,,,,,,
Vaporeon,134,--,Water Absorb,Muddy Water,Shadow Ball,Fake Tears,Acid Armor,Bashful,0,370,135,125,225,195,135,,,,,,,
Jolteon,135,--,Volt Absorb,Discharge,Last Resort,Sand Attack,Tickle,Hardy,5,266,161,151,251,221,291,,,,,,,
Flareon,136,--,Flash Fire,Fire Fang,Take Down,Tail Whip,Will-O-Wisp,Impish,5,266,291,166,198,251,161,,,,,,,
Porygon,137,--,Download,Tri Attack,Iron Tail,Conversion 2,Pain Split,Relaxed,0,240,156,262,206,249,76,,,,,,,
Omanyte,138,--,Swift Swim,Surf,Ancient Power,Ice Beam,Rain Dance,Quirky,31,230,116,245,239,182,145,,,,,,,
Omastar,139,--,Shell Armor,Muddy Water,Ancient Power,Mud Shot,Captivate,Quirky,8,279,154,284,264,174,144,,,,,,,
Kabuto,140,--,Battle Armor,Waterfall,Rock Slide,Aqua Jet,Confuse Ray,Careful,31,243,238,216,131,184,146,,,,,,,
Kabutops,141,--,Battle Armor,Aqua Tail,Ancient Power,X-Scissor,Aqua Jet,Modest,29,274,237,244,198,193,194,,,,,,,
Aerodactyl,142,--,Pressure,Rock Slide,Aerial Ace,Supersonic,Stealth Rock,Docile,6,297,242,162,152,182,292,,,,,,,
Snorlax,143,--,Thick Fat,Pay Day,Rock Smash,Lick,Curse,Adamant,24,454,350,159,149,249,97,,,,,,,
Articuno ,144,--,Pressure,Blizzard,Pluck,Ancient Power,Mist,Quirky,0,311,196,226,216,276,196,,,,,,,
Zapdos,145,--,Pressure,Thunder,Peck,Rock Smash,Detect,Adamant,0,290,272,175,229,185,238,,,,,,,
Moltres,146,--,Pressure,Fire Blast,Wing Attack,Steel Wing,Agility,Adamant,0,311,248,206,248,196,208,,,,,,,
Dratini,147,--,Shed Skin,Outrage,Extreme Speed,Waterfall,Dragon Dance,Adamant,31,265,203,147,136,141,157,,,,,,,
Dragonair,148,--,Shed Skin,Draco Meteor,Fire Blast,Extremespeed,Safeguard,Bold,15,268,188,188,181,181,181,,,,,,,
Dragonite,149,--,Inner Focus,Dragon Rush,Zap Cannon,Surf,Defog,Modest,0,292,245,195,225,205,165,,,,,,,
Mewtwo,150,--,Pressure,Psycho Cut,Me First,Disable,Miracle Eye,Hardy,0,334,237,197,325,197,277,,,,,,,
Mew,151,--,Synchronize,Psychic,Me First,Transform,Metronome,Quirky,0,330,225,225,225,225,225,,,,,,,
Chikorita,152,--,Overgrow,Energy Ball,Leech Seed,Counter,Light Screen,Calm,31,294,120,167,134,251,126,,,,,,,
Bayleef,153,--,Overgrow,Seed Bomb,Body Slam,Nature Power,Swords Dance,Adamant,31,300,200,218,145,218,178,,,,,,,
Meganium,154,--,Overgrow,Frenzy Plant,Iron Tail,Outrage,Sweet Scent,Brave,5,296,214,231,197,231,171,,,,,,,
Cyndaquil,155,--,Blaze,Eruption,Blast Burn,Flamethrower,Will-O-Wisp,Modest,31,241,126,122,194,157,229,,,,,,,
Quilava,156,--,Blaze,Flare Blitz,Reversal,Endure,Howl,Impish,31,282,189,193,176,193,221,,,,,,,
Typhlosion,157,--,Blaze,Flame Wheel,Crush Claw,Thunder Punch,Low Kick,Careful,4,295,202,190,204,224,234,,,,,,,
Totodile,158,--,Torrent,Waterfall,Ice Punch,Swords Dance,Dragon Dance,Adamant,31,266,212,189,111,157,147,,,,,,,
Croconaw,159,--,Torrent,Dive,Slash,Ice Fang,Screech,Jolly,16,272,202,202,144,168,173,,,,,,,
Feraligatr,160,--,Torrent,Aqua Tail,Dynamic Punch,Ice Beam,Leer,Calm,4,305,216,230,188,215,186,,,,,,,
Sentret,161,--,Keen Eye,Double-Edge,Aqua Tail,Sucker Punch,Reversal,Adamant,31,274,140,167,95,127,76,,,,,,,
Furret,162,--,Keen Eye,Headbutt,Ice Punch,Thunder Punch,Me First,Mild,15,300,193,154,172,135,225,,,,,,,
Hoothoot,163,--,Tinted Lens,Air Slash,Agility,Hypnosis,Whirlwind,Timid,31,262,86,96,171,148,218,,,,,,,
Noctowl,164,--,Tinted Lens,Air Cutter,Hyper Beam,Dream Eater,Hypnosis,Timid,13,344,125,139,191,231,196,,,,,,,
Ledyba,165,--,Swarm,Bug Buzz,Air Cutter,Light Screen,Reflect,Timid,29,220,66,94,177,194,227,,,,,,,
Ledian,166,--,Iron Fist,Aerial Ace,Drain Punch,Ice Punch,Thunder Punch,Adamant,31,283,185,168,131,256,206,,,,,,,
Spinarak,167,--,Sniper,Megahorn,Night Slash,Sucker Punch,Night Shade,Adamant,31,289,189,140,104,140,96,,,,,,,
Ariados,168,--,Swarm,Poison Jab,Bug Bite,Dig,Agility,Lonely,18,289,246,175,143,175,124,,,,,,,
Crobat,169,--,Inner Focus,Fly,Poison Fang,Steel Wing,Supersonic,Serious,4,305,210,190,170,190,290,,,,,,,
Chinchou,170,--,Water Absorb,Thunder,Surf,Icy Wind,Rain Dance,Calm,31,322,100,150,153,185,202,,,,,,,
Lanturn,171,--,Volt Absorb,Bubble Beam,Spark,Bounce,Charge,Lonely,11,392,168,137,189,189,171,,,,,,,
Pichu,172,--,Static,Volt Tackle,Reversal,Teeter Dance,Substitute,Jolly,31,181,179,66,95,107,240,,,,,,,
Cleffa,173,--,Cute Charm,Seismic Toss,Shadow Ball,Thunder Wave,Swagger,Calm,31,297,77,153,126,167,70,,,,,,,
Igglybuff,174,--,Cute Charm,Seismic Toss,Shadow Ball,Counter,Sweet Kiss,Bold,31,384,86,72,117,139,66,,,,,,,
Togepi,175,--,Super Luck,Seismic Toss,Yawn,Foresight,Soft-Boiled,Calm,31,274,68,207,116,207,76,,,,,,,
Togetic,176,--,Serene Grace,Tri Attack,Air Cutter,Ancient Power,Metronome,Quirky,16,257,122,212,202,252,122,,,,,,,
Natu,177,--,Synchronize,Psychic,Night Shade,Confuse Ray,Wish,Timid,31,284,122,126,198,126,239,,,,,,,
Xatu,178,--,Early Bird,Drill Peck,Psychic,Giga Drain,Psycho Shift,Impish,10,271,186,193,203,176,226,,,,,,,
Mareep,179,--,Static,Thunderbolt,Signal Beam,Thunder Wave,Reflect,Modest,28,277,101,130,248,141,103,,,,,,,
Flaaffy,180,--,Static,Thunder Punch,Focus Punch,Fire Punch ,Flatter,Adamant,31,281,229,178,176,188,126,,,,,,,
Ampharos,181,--,Static,Zap Cannon,Dynamic Punch,Swift,Flash,Careful,28,330,195,175,247,247,155,,,,,,,
Bellossom,182,--,Chlorophyll,Petal Dance,Secret Power,Drain Punch,Teeter Dance,Quiet,9,290,195,216,236,246,102,,,,,,,
Marill,183,--,Huge Power,Waterfall,Body Slam,Rollout,Defense Curl,Adamant,31,302,152,157,68,157,116,,,,,,,
Azumarill,184,--,Huge Power,Aqua Tail,Superpower,Rollout,Grass Knot,Timid,8,319,120,183,176,183,146,,,,,,,
Sudowoodo,185,--,Rock Head,Stone Edge,Wood Hammer,Hammer Arm,Copycat,Hardy,16,287,242,272,102,172,102,,,,,,,
Politoed,186,--,Drizzle,Water Pulse,Hyper Voice,Mud Shot,Perish Song,Bold,7,318,164,201,213,233,173,,,,,,,
Hoppip,187,--,Chlorophyll,Solar Beam,Toxic ,Sunny Day,Synthesis,Calm,31,274,95,147,106,181,150,,,,,,,
Skiploom,188,--,Chlorophyll,Seed Bomb,Bounce,Sleep Powder,Memento,Adamant,22,243,198,127,105,157,250,,,,,,,
Jumpluff,189,--,Leaf Guard,Bounce,Headbutt,Leech Seed,Poison Powder,Adamant,8,293,185,178,114,208,258,,,,,,,
Aipom,190,--,Skill Link,Double Slap,Brick Break,Shadow Claw,Tickle,Serious,31,273,239,146,116,167,227,,,,,,,
Sunkern,191,--,Chlorophyll,Energy Ball,Leech Seed,Substitute,Grass Whistle,Timid,31,201,86,128,96,128,174,,,,,,,
Sunflora,192,--,Early Bird,Giga Drain,Earth Power,Giga Impact,Bide,Calm,31,312,186,167,267,249,117,,,,,,,
Yanma,193,--,Speed Boost,Bug Buzz,Air Slash,Hypnosis,Detect,Impish,18,279,174,147,174,134,234,,,,,,,
Wooper,194,--,Unaware,Earthquake,Aqua Tail,Yawn,Protect,Adamant,31,272,207,137,77,118,66,,,,,,,
Quagsire,195,--,Damp,Muddy Water,Dig,Ice Beam,Amnesia,Quirky,14,335,210,210,170,170,110,,,,,,,
Espeon,196,--,Synchronize,Psybeam,Swift,Attract,Sand Attack,Impish,5,266,161,166,261,221,251,,,,,,,
Umbreon,197,--,Synchronize,Assurance,Psychic,Confuse Ray,Snatch,Quiet,20,320,192,245,200,285,121,,,,,,,
Murkrow,198,--,Insomnia,Fly,Sucker Punch,Heat Wave,Feather Dance,Hasty,16,267,212,113,212,126,246,,,,,,,
Slowking,199,--,Oblivious,Surf,Confusion,Power Gem ,Thunder Wave,Lonely,8,329,202,174,234,254,94,,,,,,,
Misdreavus,200,--,Levitate,Shadow Ball,Thunderbolt,Pain Split,Perish Song,Docile,13,264,159,159,209,209,209,,,,,,,
Unown,201,Choice Specs,Levitate,HP Psychic 70,--,--,--,Modest,22,244,154,140,258,140,139,,,,,,,
Wobbuffet,202,--,Shadow Tag,Counter,Mirror Coat,Safeguard,Mimic,Naive,31,521,134,136,134,136,181,,,,,,,
Girafarig,203,--,Early Bird,Psybeam,Double Hit,Double Kick,Growl,Bashful,31,344,196,198,216,198,206,,,,,,,
Pineco,204,--,Sturdy,Gyro Ball,Earthquake,Curse,Explosion,Brave,31,260,251,216,106,151,31,,,,,,,
Forretress,205,--,Sturdy,Pin Missile,Spikes,Toxic Spikes,Self-Destruct,Hardy,31,323,185,316,125,219,85,,,,,,,
Dunsparce,206,--,Serene Grace,Strength,Dig,Rock Slide,Glare,Quirky,15,346,181,181,171,171,131,,,,,,,
Gligar,207,--,Hyper Cutter,Dig,Toxic,Swagger,Torment,Timid,31,334,139,246,106,191,269,,,,,,,
Steelix,208,--,Sturdy,Iron Tail,Dig,Aqua Tail,Sharpen,Modest,6,287,181,411,179,162,92,,,,,,,
Snubbull,209,--,Intimidate,Smelling Salts,Bite,Attract,Thunder Wave,Careful,31,297,196,156,104,182,117,,,,,,,
Granbull,210,--,Quick Feet,Facade,Superpower,Payback,Sleep Talk,Naive,12,323,278,188,158,142,140,,,,,,,
Qwilfish,211,--,Poison Point,Waterfall,Poison Jab,Pin Missile,Minimize,Naughty,14,275,253,190,150,135,210,,,,,,,
Scizor,212,--,Technician,X-Scissor,Metal Claw,Superpower,Agility,Timid,0,250,238,205,115,165,148,,,,,,,
Shuckle ,213,--,Sturdy,Stone Edge,Gyro Ball,Bide,Power Trick,Brave,31,244,130,496,56,496,13,,,,,,,
Heracross,214,--,Swarm,Megahorn,Arm Thrust,Leer,Harden,Modest,0,292,229,176,93,216,175,,,,,,,
Sneasel,215,--,Keen Eye,Ice Punch,Bite,X-Scissor,Attract,Brave,14,255,253,150,110,190,243,,,,,,,
Teddiursa,216,--,Quick Feet,Flail,Thunder Punch,Yawn,Endure,Jolly,31,286,221,161,122,161,157,,,,,,,
Ursaring,217,--,Guts,Scratch,Lick,Bulk Up,Roar,Hasty,31,343,359,186,186,207,190,,,,,,,
Slugma,218,--,Magma Armor,Flamethrower,Yawn,Protect,Recover,Modest,31,238,104,162,212,162,76,,,,,,,
Magcargo,219,--,Flame Body,Fire Blast,Ancient Power,Earth Power,Memento,Calm,16,247,108,283,223,245,81,,,,,,,
Swinub,220,--,Thick Fat,Earthquake,Avalanche,Ice Shard,Endeavor,Adamant,31,282,173,148,86,128,136,,,,,,,
Piloswine,221,--,Oblivious,Icy Wind,Mud Shot,Bite,Rock Tomb,Quiet,31,401,236,216,201,176,122,,,,,,,
Corsola,222,--,Hustle,Stone Edge,Surf,Mirror Coat,Attract,Quiet,19,260,175,215,192,215,85,,,,,,,
Remoraid,223,--,Sniper,Water Spout,Brine,Hyper Beam,Flamethrower,Timid,26,207,144,101,224,101,246,,,,,,,
Octillery,224,--,Suction Cups,Octazooka,Rock Blast,Wring Out,Thunder Wave,Sassy,31,314,275,209,275,229,113,,,,,,,
Delibird,225,--,Hustle,Ice Punch,Aerial Ace,Brick Break,Ice Shard,Adamant,31,253,229,126,149,126,228,,,,,,,
Mantine,226,--,Water Veil,Bubble Beam,Bounce,Psybeam,Haze,Brave,10,271,150,176,196,295,198,,,,,,,
Skarmory,227,--,Keen Eye,Steel Wing,Toxic,Whirlwind,Spikes,Gentle,10,271,196,284,116,193,176,,,,,,,
Houndour,228,--,Flash Fire,Overheat,Dark Pulse,Solarbeam,Sunny Day,Timid,31,253,140,117,238,156,228,,,,,,,
Houndoom,229,--,Early Bird,Heat Wave,Bite,Thunder Fang,Roar,Impish,7,288,213,146,227,193,223,,,,,,,
Kingdra,230,--,Sniper,Water Gun,Razor Wind,Focus Energy,Substitute,Bashful,31,325,226,246,258,246,227,,,,,,,
Phanpy,231,--,Sand Veil,Earthquake,Body Slam,Double Team,Sandstorm,Jolly,31,321,190,187,104,148,160,,,,,,,
Donphan,232,--,Sturdy,Magnitude,Ice Shard,Rapid Spin,Stealth Rock,Careful,7,318,273,273,137,168,133,,,,,,,
Porygon2,233,--,Trace,Tri Attack,Discharge,Toxic,Magic Coat,Docile,6,307,192,212,242,222,152,,,,,,,
Stantler,234,--,Intimidate,Stomp,Shadow Ball,Zen Headbutt,Hypnosis,Quirky,10,287,226,160,206,166,206,,,,,,,
Smeargle ,235,--,Technician,Crush Grip,Shadow Force,Sacred Fire,Dark Void,Adamant,31,252,152,106,68,126,249,,,,,,,
Tyrogue,236,--,Guts,High Jump Kick,Earthquake,Rock Slide,Swagger,Adamant,31,211,185,106,95,106,169,,,,,,,
Hitmontop,237,--,Technician,Triple Kick,Aerial Ace,Bullet Punch,Pursuit,Hardy,29,239,224,224,104,254,174,,,,,,,
Smoochum,238,--,Oblivious,Ice Beam,Psychic,Calm Mind,Nasty Plot,Timid,31,263,86,98,228,175,217,,,,,,,
Elekid,239,--,Static,Thunderbolt,Ice Punch,Flash,Light Screen,Lonely,20,221,189,108,196,156,236,,,,,,,
Magby,240,--,Flame Body,Flamethrower,Cross Chop,Confuse Ray,Smokescreen,Naive,20,231,196,120,196,140,233,,,,,,,
Miltank,241,--,Scrappy,Present,Rollout,Milk Drink,Bide,Adamant,8,329,259,223,83,174,234,,,,,,,
Blissey,242,--,Serene Grace,Hyper Beam,Blizzard,Gravity,Refresh,Bold,0,620,22,85,175,284,160,,,,,,,
Raikou,243,--,Pressure,Thundershock,Bite,Flash,Roar,Rash,0,300,200,170,360,195,235,,,,,,,
Entei,244,--,Pressure,Ember,Stomp,Rock Smash,Roar,Modest,0,371,239,206,306,186,236,,,,,,,
Suicune,245,--,Pressure,Water Gun,Gust,Mist,Roar,Quiet,0,344,189,269,240,269,188,,,,,,,
Larvitar,246,--,Guts,Earthquake,Stone Edge,Bite,Dragon Dance,Jolly,31,300,207,136,113,136,156,,,,,,,
Pupitar,247,--,Shed Skin,Dig,Rock Slide,Rest,Rock Polish,Bold,31,344,183,217,166,217,138,,,,,,,
Tyranitar ,248,--,Sand Stream,Bite,Rock Tomb,Fire Fang,Leer,Naive,0,310,273,225,195,184,154,,,,,,,
Lugia,249,--,Pressure,Aeroblast,Future Sight,Defog,Mimic,Naughty,0,322,203,265,185,281,225,,,,,,,
Ho-Oh ,250,--,Pressure,Heat Wave,Weather Ball,Sandstorm,Tailwind,Impish,0,322,265,203,202,313,185,,,,,,,
Celebi,251,--,Natural Cure,Magical Leaf,Confusion,Water Pulse,Metronome,Bashful,0,330,225,225,225,225,225,,,,,,,
Treecko,252,--,Overgrow,Leaf Storm,Energy Ball,Dragonbreath,Endure,Timid,31,222,113,106,229,146,262,,,,,,,
Grovyle,253,--,Overgrow,Seed Bomb,X-Scissor,Thunder Punch,Swords Dance,Adamant,31,262,228,147,185,187,247,,,,,,,
Sceptile,254,--,Overgrow,Leaf Blade,Dragon Claw,Aerial Ace,Safeguard,Hardy,4,275,210,160,230,200,270,,,,,,,
Torchic,255,--,Speed Boost,Overheat,Dig,Low Kick,Protect,Rash,31,238,191,116,240,122,168,,,,,,,
Combusken,256,--,Speed Boost,Flamethrower,Sky Uppercut,Night Slash,Rock Slide,Hardy,31,282,227,177,227,177,167,,,,,,,
Blaziken,257,--,Speed Boost,Blaze Kick,Double Kick,Mirror Move,Protect,Timid,0,295,243,170,250,170,209,,,,,,,
Mudkip,258,--,Torrent,Waterfall,Superpower,Avalanche,Attract,Adamant,0,262,262,157,122,157,116,,,,,,,
Marshtomp,259,--,Torrent,Muddy Water,Earthquake,Sludge,Barrier,Modest,16,287,171,182,201,182,142,,,,,,,
Swampert,260,--,Torrent,Dive,Mud Bomb,Ice Ball,Mirror Coat,Modest,4,335,225,210,220,210,150,,,,,,,
Poochyena,261,--,Quick Feet,Super Fang,Sucker Punch,Snatch,Swagger,Adamant,31,232,229,127,86,117,106,,,,,,,
Mightyena,262,--,Intimidate,Crunch,Fire Fang,Roar,Howl,Jolly,15,286,221,181,144,161,199,,,,,,,
Zigzagoon,263,--,Gluttony,Super Fang,Extremespeed,Odor Sleuth,Belly Drum,Adamant,31,279,174,119,86,119,156,,,,,,,
Linoone,264,--,Pickup,Headbutt,Pursuit,Flail,Belly Drum,Jolly,15,302,181,163,126,163,265,,,,,,,
Wurmple,265,--,Shield Dust,Bug Bite,Poison Sting,Tackle,String Shot,Adamant,31,247,207,122,68,112,92,,,,,,,
Silcoon,266,--,Shed Skin,Bug Bite,Poison Sting,Harden,String Shot,Adamant,31,262,185,167,77,107,66,,,,,,,
Beautifly,267,--,Rivalry,Bug Buzz,Psychic ,Whirlwind,Morning Sun,Modest,31,324,158,157,260,136,187,,,,,,,
Cascoon,268,--,Shed Skin,Bug Bite,Poison Sting,Harden,String Shot,Adamant,31,262,185,167,77,107,66,,,,,,,
Dustox,269,--,Shield Dust,Sludge Bomb,Psychic,Light Screen,Moonlight,Modest,31,284,122,199,174,239,189,,,,,,,
Lotad,270,--,Swift Swim,Surf,Energy Ball,Blizzard,Rain Dance,Modest,31,243,86,117,173,149,124,,,,,,,
Lombre,271,--,Rain Dish,Hydro Pump,Leech Seed,Rain Dance,Protect,Calm,31,324,122,158,156,239,136,,,,,,,
Ludicolo,272,--,Own Tempo,Bubble Beam,Giga Drain,Leech Seed,Metronome,Docile,9,300,175,175,215,235,175,,,,,,,
Seedot,273,--,Chlorophyll,Seed Bomb,Sunny Day,Swords Dance,Explosion,Adamant,31,221,196,136,86,96,159,,,,,,,
Nuzleaf,274,--,Chlorophyll,Energy Ball,Dark Pulse,Nasty Plot,Sunny Day,Timid,22,293,151,128,188,128,184,,,,,,,
Shiftry,275,--,Early Bird,Leaf Storm,Feint Attack,Nature Power,Tailwind,Adamant,9,320,258,155,193,155,195,,,,,,,
Taillow,276,--,Guts,Brave Bird,Return (102),Steel Wing,Supersonic,Adamant,31,243,229,96,86,96,248,,,,,,,
Swellow,277,--,Scrappy,Air Slash,Hyper Beam,Heat Wave,Ominous Wind,Modest,31,283,185,177,218,157,286,,,,,,,
Wingull,278,--,Rain Dish,Air Slash,Water Pulse,Blizzard,Tailwind,Modest,31,222,86,96,229,96,269,,,,,,,
Pelipper,279,--,Keen Eye,Brine,Air Cutter,Spit Up,Stockpile,Calm,14,265,107,240,210,200,190,,,,,,,
Ralts,280,--,Synchronize,Psychic,Signal Beam,Taunt,Destiny Bond,Timid,31,198,77,86,189,106,196,,,,,,,
Kirlia,281,--,Trace,Psychic,Shadow Ball,Will-O-Wisp,Calm Mind,Modest,28,235,111,124,202,164,154,,,,,,,
Gardevoir,282,--,Trace,Psychic,Magical Leaf,Shadow Sneak,Magic Coat,Adamant,5,272,177,161,252,261,191,,,,,,,
Surskit,283,--,Swift Swim,Hydro Pump,Signal Beam,Ice Beam,Rain Dance,Modest,31,263,86,122,218,140,166,,,,,,,
Masquerain,284,--,Intimidate,Bug Buzz,Air Slash,Hydro Pump,Roost,Calm,15,286,144,165,201,225,161,,,,,,,
Shroomish,285,--,Poison Heal,Seed Bomb,Focus Punch,Spore,Swords Dance,Adamant,31,321,196,158,104,158,106,,,,,,,
Breloom,286,--,Technician,Superpower,Giga Drain,Mach Punch,Stun Spore,Mild,11,262,276,177,195,157,177,,,,,,,
Slakoth,287,--,Truant,Double-Edge,Hammer Arm,Night Slash,Yawn,Adamant,31,283,240,156,95,127,117,,,,,,,
Vigoroth,288,--,Vital Spirit,Slash,Shadow Claw,Low Kick,Taunt,Adamant,13,304,218,199,134,149,219,,,,,,,
Slaking,289,--,Truant,Strength,Punishment,Yawn,Slack Off,Hasty,0,431,346,203,216,156,248,,,,,,,
Nincada,290,--,Compound Eyes,X-Scissor,Dig,Night Slash,Swagger,Adamant,31,266,207,216,86,97,116,,,,,,,
Ninjask,291,--,Speed Boost,Bug Bite,Aerial Ace,Dig,Swords Dance,Quiet,31,305,216,168,149,178,320,,,,,,,
Shedinja*,292,--,Wonder Guard,X-Scissor,Shadow Sneak,Will-O-Wisp,Curse,Adamant,31,1,260,147,105,117,137,,,,,,,
Whismur,293,--,Soundproof,Hyper Voice,Blizzard,Fire Blast,Shadow Ball,Modest,31,285,124,98,221,98,108,,,,,,,
Loudred,294,--,Soundproof,Hyper Voice,Overheat,Extrasensory,Fake Tears,Modest,31,334,160,147,225,147,157,,,,,,,
Exploud,295,--,Scrappy,Hammer Arm,Snore,Fake Tears,Rest,Modest,31,370,196,183,309,183,172,,,,,,,
Makuhita,296,--,Thick Fat,Revenge,Reversal,Feint Attack,Bullet Punch,Adamant,31,306,240,117,68,117,86,,,,,,,
Hariyama,297,--,Guts,Wake-Up Slap,Smelling Salts,Secret Power,Payback,Jolly,10,408,277,156,104,156,172,,,,,,,
Azurill,298,--,Huge Power,Body Slam,Waterfall,Attract,Charm,Adamant,31,262,152,137,68,137,76,,,,,,,
Nosepass,299,--,Sturdy,Stone Edge,Zap Cannon,DynamicPunch,Gravity,Sassy,31,264,147,306,147,261,86,,,,,,,
Skitty,300,--,Normalize,Zen Headbutt,Attract,Swagger,Thunder Wave,Careful,31,283,156,150,95,150,136,,,,,,,
Delcatty,301,--,Cute Charm,Assist,Copycat,Charm,Sing,Rash,31,281,198,166,195,131,239,,,,,,,
Sableye,302,--,Stall,Payback,Octazooka,Magic Coat,Snatch,Quiet,31,304,186,197,228,177,122,,,,,,,
Mawile,303,--,Intimidate,Iron Head,Fire Fang,Stockpile,Swallow,Jolly,19,250,215,215,139,155,159,,,,,,,
Aron,304,--,Rock Head,Head Smash,Iron Head,Superpower,Rock Polish,Jolly,31,266,201,261,104,141,135,,,,,,,
Lairon,305,--,Sturdy,Iron Tail,Stone Edge,Dragon Rush,Metal Burst,Careful,31,324,216,316,122,173,158,,,,,,,
Aggron,306,--,Sturdy,Flash Cannon,Ancient Power,Flamethrower,Metal Sound,Modest,14,286,202,379,222,161,139,,,,,,,
Meditite,307,--,Pure Power,High Jump Kick,Zen Headbutt,Bullet Punch,Meditate,Jolly,28,219,134,164,120,164,191,,,,,,,
Medicham,308,--,Pure Power,Fake Out,Psycho Cut,Force Palm,Power Trick,Bold,16,267,126,234,141,213,202,,,,,,,
Electrike,309,--,Static,Thunderbolt,Flamethrower,Mud-Slap,Charge,Timid,31,242,113,116,229,116,229,,,,,,,
Manectric,310,--,Static,Shock Wave,Fire Fang,Roar,Magnet Rise,Adamant,31,296,224,171,234,171,261,,,,,,,
Plusle,311,--,Plus,Discharge,Grass Knot,Charge Beam,Encore,Timid,16,267,127,122,212,192,255,,,,,,,
Minun,312,--,Minus,Thunder,Grass Knot,Trump Card,Fake Tears,Timid,16,267,109,142,192,212,255,,,,,,,
Volbeat,313,--,Swarm,Silver Wind,Zen Headbutt,Tail Glow,Moonlight,Serious,17,278,189,153,137,193,213,,,,,,,
Illumise,314,--,Tinted Lens,Bug Buzz,Shock Wave,Growth,Moonlight,Timid,17,278,123,153,189,193,234,,,,,,,
Roselia,315,--,Poison Point,Petal Dance,Extrasensory,Grass Whistle,Synthesis,Relaxed,17,248,163,146,243,205,155,,,,,,,
Gulpin,316,--,Liquid Ooze,Gunk Shot,Dynamic Punch,Pain Split,Yawn,Adamant,26,297,168,158,110,158,132,,,,,,,
Swalot,317,--,Liquid Ooze,Sludge Bomb,Seed Bomb,Fire Punch,Curse,Quiet,10,341,182,202,200,202,131,,,,,,,
Carvanha,318,--,Speed Boost,Crunch,Waterfall,Destiny Bond,Protect,Bold,31,231,232,113,166,113,186,,,,,,,
Sharpedo,319,--,Speed Boost,Hydro Pump,Bite,Ice Fang,Endure,Bashful,11,282,277,117,227,117,227,,,,,,,
Wailmer,320,--,Water Veil,Water Spout ,Blizzard,Fissure,Self-Destruct,Naive,17,408,183,113,183,101,179,,,,,,,
Wailord ,321,--,Water Veil,Water Spout ,Bounce,Iron Head,Growl,Brave,31,481,203,189,185,189,112,,,,,,,
Numel,322,--,Simple,Flamethrower,Earthquake,Double Team,Stockpile,Timid,31,277,140,132,182,142,185,,,,,,,
Camerupt,323,--,Solid Rock,Eruption,Flamethrower,Magnitude,Fissure,Docile,11,282,237,177,247,187,117,,,,,,,
Torkoal,324,Grip Claw,White Smoke,Fire Spin,Earthquake,Toxic,Protect,Calm,31,344,185,316,249,216,76,,,,,,,
Spoink,325,--,Thick Fat,Psychic,Signal Beam,Magic Coat,Calm Mind,Careful,31,283,86,106,177,284,177,,,,,,,
Grumpig,326,--,Own Tempo,Focus Blast,Energy Ball,Power Gem,Reflect,Bashful,10,301,126,166,216,256,196,,,,,,,
Spinda,327,--,Tangled Feet,Thrash,Sucker Punch,Drain Punch,Teeter Dance,Adamant,31,303,194,177,140,177,177,,,,,,,
Trapinch,328,--,Hyper Cutter,Earthquake,Crunch,Fissure,Sand Attack,Adamant,27,248,278,143,128,143,73,,,,,,,
Vibrava,329,--,Levitate,Outrage,Dig,Fly,Tailwind,Adamant,22,253,206,148,133,148,188,,,,,,,
Flygon,330,--,Levitate,Draco Meteor,Earthquake,Gust,Sandstorm,Timid,5,296,207,191,191,191,254,,,,,,,
Cacnea,331,--,Sand Veil,Seed Bomb,Focus Punch,Mud-Slap,Sandstorm,Sassy,23,254,219,129,219,141,107,,,,,,,
Cacturne,332,--,Sand Veil,Needle Arm,Payback,Cotton Spore,Sandstorm,Bashful,9,280,265,155,265,155,145,,,,,,,
Swablu,333,--,Cloud Nine,Fly,Sing,Roost,Perish Song,Adamant,31,273,150,188,104,218,136,,,,,,,
Altaria,334,--,Cloud Nine,Sky Attack,Draco Meteor,Heat Wave,Dragon Dance,Bashful,0,275,160,200,160,230,180,,,,,,,
Zangoose,335,--,Immunity,Crush Claw,Shadow Claw,Metal Claw,Counter,Serious,11,288,267,157,157,157,217,,,,,,,
Seviper,336,--,Shed Skin,Poison Tail,Aqua Tail,Glare,Screech,Adamant,11,288,260,157,213,157,167,,,,,,,
Lunatone,337,--,Levitate,Psychic,Ancient Power,Calm Mind,Trick Room,Brave,13,284,185,169,229,209,143,,,,,,,
Solrock,338,--,Levitate,Stone Edge,Zen Headbutt,Will-O-Wisp,Cosmic Power,Quiet,13,284,249,209,163,169,143,,,,,,,
Barboach,339,--,Oblivious,Aqua Tail,Magnitude,Fissure,Dragon Dance,Adamant,27,258,163,139,130,135,173,,,,,,,
Whiscash,340,--,Oblivious,Muddy Water,Magnitude,Spark,Captivate,Serious,10,361,192,182,188,178,156,,,,,,,
Corphish,341,--,Adaptabillity,Crabhammer,Guillotine,Taunt,Dragon Dance,Careful,31,248,217,187,122,139,148,,,,,,,
Crawdaunt,342,--,Hyper Cutter,Crabhammer,Dark Pulse,Rock Smash,Guillotine,Lax,10,267,276,226,216,131,146,,,,,,,
Baltoy,343,--,Levitate,Earthquake,Psychic,Trick Room,Explosion,Sassy,31,284,116,178,116,228,103,,,,,,,
Claydol,344,--,Levitate,Earth Power,Zen Headbutt,Gravity,Self-Destruct,Serious,7,258,173,243,173,273,183,,,,,,,
Lileep,345,--,Suction Cups,Energy Ball,Ancient Power ,Confuse Ray,Recover,Calm,21,284,116,201,169,243,93,,,,,,,
Cradily,346,--,Suction Cups,Giga Drain,Rock Slide,Ingrain,Protect,Serious,8,311,196,228,196,240,120,,,,,,,
Anorith,347,--,Battle Armor,X-Scissor,Rock Slide,Rock Polish,Swords Dance,Jolly,21,241,238,145,131,130,216,,,,,,,
Armaldo,348,--,Battle Armor,X-Scissor,Rock Blast,Earth Power,Mud Sport,Modest,8,289,255,234,191,194,124,,,,,,,
Feebas,349,--,Adaptability,Waterfall,Frustration (102),Hypnosis,Tickle,Adamant,31,182,141,76,50,146,259,,,,,,,
Milotic,350,--,Marvel Scale,Water Pulse,Dragon Pulse,Mirror Coat,Mud Sport,Serious,3,324,149,187,229,279,191,,,,,,,
Castform,351,--,Forecast,Weather Ball,Hail,Rain Dance,Sunny Day,Timid,15,286,144,181,181,181,221,,,,,,,
Kecleon,352,--,Color Change,Shadow Claw,Drain Punch,Psybeam,Skill Swap,Quiet,13,306,198,221,152,258,189,,,,,,,
Shuppet,353,--,Insomnia,Shadow Ball,Thunder,Snatch,Destiny Bond,Timid,31,230,167,106,225,102,207,,,,,,,
Banette,354,--,Insomnia,Shadow Claw,Sucker Punch,Taunt,Grudge,Mild,11,270,267,150,223,163,167,,,,,,,
Duskull,355,--,Levitate,Night Shade,Confuse Ray,Will-O-Wisp,Curse,Bold,27,240,107,256,99,233,89,,,,,,,
Dusclops,356,--,Pressure,Shadow Punch,Ice Punch,Curse,Trick Room,Quirky,11,222,177,297,157,297,87,,,,,,,
Tropius,357,--,Solar Power,Solar Beam,Air Slash,Sunny Day,Synthesis,Modest,11,340,155,203,199,211,139,,,,,,,
Chimecho,358,--,Levitate,Psychic,Calm Mind,Heal Bell,Wish,Bold,14,275,126,198,230,200,170,,,,,,,
Absol,359,--,Super Luck,Night Slash,Superpower,Shock Wave,Will-O-Wisp,Modest,10,271,266,156,204,156,186,,,,,,,
Wynaut,360,--,Shadow Tag,Counter,Mirror Coat,Encore,Safeguard,Quirky,30,351,102,152,102,152,102,,,,,,,
Snorunt,361,--,Ice Body,Avalanche,Crunch,Ice Shard,Disable,Adamant,31,263,216,158,122,158,136,,,,,,,
Glalie,362,--,Ice Body,Earthquake,Weather Ball,Sheer Cold,Hail,Serious,9,300,195,195,195,195,195,,,,,,,
Spheal,363,--,Ice Body,Super Fang,Brine,Hail,Protect,Modest,27,298,119,153,179,153,103,,,,,,,
Sealeo,364,--,Thick Fat,Aurora Beam,Water Pulse,Signal Beam,Roar,Docile,31,346,156,201,213,201,151,,,,,,,
Walrein,365,--,Thick Fat,Dive,Ice Ball,Defense Curl,Encore,Hardy,4,355,190,210,220,210,160,,,,,,,
Clamperl,366,--,Shell Armor,Muddy Water,Ice Beam,Confuse Ray,Barrier,Modest,31,274,147,206,271,147,100,,,,,,,
Huntail,367,Grip Claw,Water Veil,Clamp,Bind,Toxic,Protect,Relaxed,31,314,244,275,224,246,126,,,,,,,
Gorebyss,368,--,Swift Swim,Aqua Tail,Brine,Psychic,Rain Dance,Adamant,24,244,216,239,231,179,133,,,,,,,
Relicanth,369,--,Rock Head,Head Smash,Brine,Skull Bash,Water Sport,Modest,9,340,166,295,160,165,146,,,,,,,
Luvdisc,370,--,Swift Swim,Waterfall,Bounce,Attract,Sweet Kiss,Adamant,23,233,166,152,97,172,243,,,,,,,
Bagon,371,--,Rock Head,Dragon Claw,Fire Fang,Hydro Pump,Dragon Dance,Naughty,31,250,214,175,117,143,152,,,,,,,
Shelgon,372,--,Rock Head,Dragon Rush,Crunch,Zen Headbutt,Iron Defense,Careful,15,276,231,241,144,155,141,,,,,,,
Salamence,373,--,Intimidate,Aerial Ace,Dragonbreath,Flamethrower,Focus Energy,Timid,0,300,247,165,225,165,225,,,,,,,
Beldum,374,--,Clear Body,Iron Head,Zen Headbutt,Take Down,Iron Defense,Adamant,26,237,205,212,90,172,108,,,,,,,
Metang,375,--,Clear Body,Meteor Mash,Zen Headbutt,Thunder Punch,Agility,Adamant,15,266,210,241,135,201,141,,,,,,,
Metagross,376,--,Clear Body,Psychic,Metal Claw,Hyper Beam,Magnet Rise,Jolly,0,270,275,265,175,185,159,,,,,,,
Regirock,377,--,Clear Body,Rock Throw,Hammer Arm,Fire Punch,Psych Up,Mild,0,280,225,365,125,215,115,,,,,,,
Regice,378,--,Clear Body,Blizzard,Zap Cannon,Flash Cannon,Lock-On,Naughty,0,280,125,215,215,365,115,,,,,,,
Registeel,379,--,Clear Body,Iron Head,Focus Blast,Rollout,Rock Polish,Hardy,0,275,160,310,160,310,110,,,,,,,
Latias,380,--,Levitate,Mist Ball,Dragon Claw,Psycho Shift,Role Play,Bashful,0,270,165,185,225,265,225,,,,,,,
Latios,381,--,Levitate,Luster Purge,Dragon Breath,Heal Block,Memento,Hardy,0,270,185,165,265,225,225,,,,,,,
Kyogre,382,Grip Claw,Drizzle,Whirlpool,Thunder,Iron Head,Hail,Adamant,0,310,225,185,275,285,185,,,,,,,
Groudon,383,--,Drought,Earth Power,Lava Plume,Scary Face,Sandstorm,Jolly,0,310,305,285,184,185,203,,,,,,,
Rayquaza,384,--,Air Lock,Dragon Claw,Uproar,Rock Smash,Scary Face,Modest,0,320,274,185,346,185,205,,,,,,,
Jirachi,385,--,Serene Grace,Doom Desire,Confusion,Body Slam,Protect,Modest,0,310,185,205,225,205,225,,,,,,,
Deoxys-Normal,386,--,Pressure,Zen Headbutt,Hyper Beam,Drain Punch,Torment,Timid,0,250,275,145,305,145,335,,,,,,,
Deoxys-Attack,386,--,Pressure,Giga Impact,Zap Cannon,Icy Wind,Rock Slide,Timid,0,210,330,45,365,45,335,,,,,,,
Deoxys-Defense,386,--,Pressure,Psycho Boost,Signal Beam,Psych Up,Psycho Shift,Jolly,0,233,145,348,130,348,217,,,,,,,
Deoxys-Speed,386,--,Pressure,Psycho Boost,Focus Blast,Taunt,Skill Swap,Serious,0,210,195,185,195,185,365,,,,,,,
Turtwig,387,--,Shell Armor,Seed Bomb,Crunch,Curse,Synthesis,Adamant,31,314,224,196,113,146,98,,,,,,,
Grotle,388,--,Overgrow,Energy Ball,Earth Power,Superpower,Leech Seed,Quiet,31,313,214,227,229,187,97,,,,,,,
Torterra,389,--,Overgrow,Razor Leaf,Mud-Slap,Rock Tomb,Withdraw,Quiet,31,363,254,278,238,238,133,,,,,,,
Chimchar,390,--,Iron Fist,Fire Punch,Thunder Punch,Low Kick,Bulk Up,Jolly,31,250,194,146,136,124,220,,,,,,,
Monferno,391,--,Blaze,Close Combat,Fire Blast,Nasty Plot,Swords Dance,Hardy,31,294,174,171,174,171,197,,,,,,,
Infernape,392,--,Blaze,Heat Wave,Brick Break,Taunt,Calm Mind,Impish,0,272,223,172,200,157,231,,,,,,,
Piplup,393,--,Torrent,Hydro Pump,Ice Beam,Grass Knot,Agility,Modest,31,268,124,142,243,148,158,,,,,,,
Prinplup ,394,--,Torrent,Surf,Headbutt,Icy Wind,Featherdance,Bold,16,275,156,195,204,194,142,,,,,,,
Empoleon,395,--,Torrent,Steel Wing,Aqua Jet,Pluck,Mist,Brave,0,303,224,206,227,232,135,,,,,,,
Starly,396,--,Reckless,Brave Bird,Double-Edge,Endeavor,Tailwind,Adamant,31,222,229,96,86,96,219,,,,,,,
Staravia,397,--,Intimidate,Fly,Secret Power,Revenge,Captivate,Jolly,31,276,211,161,104,141,245,,,,,,,
Staraptor,398,--,Reckless,Take Down,Close Combat,Astonish,Whirlwind,Timid,0,290,220,155,105,115,240,,,,,,,
Bidoof,399,--,Simple,Super Fang,Quick Attack,Curse,Odor Sleuth,Adamant,31,275,190,132,95,163,98,,,,,,,
Bibarel,400,--,Simple,Skull Bash,Water Pulse,Charge Beam,Taunt,Modest,31,317,201,174,193,174,196,,,,,,,
Kricketot,401,--,Shed Skin,Bug Bite,Mud-Slap,Endeavor,String Shot,Careful,31,278,86,139,77,176,86,,,,,,,
Kricketune,402,--,Swarm,X-Scissor,Brick Break,Sing,Swords Dance,Jolly,18,303,214,146,138,146,191,,,,,,,
Shinx,403,--,Intimidate,Thunder Fang,Return (102),Bite,Thunder Wave,Adamant,31,252,251,126,104,125,126,,,,,,,
Luxio,404,--,Intimidate,Spark,Night Slash,Light Screen,Charge,Adamant,31,286,256,167,140,167,165,,,,,,,
Luxray,405,--,Guts,Shock Wave,Superpower,Ice Fang,Sleep Talk,Modest,0,285,234,178,231,178,160,,,,,,,
Budew,406,--,Poison Point,Leaf Storm,Sludge Bomb,Extrasensory,Sleep Powder,Modest,31,222,86,106,218,176,209,,,,,,,
Roserade,407,--,Poison Point,Petal Dance,Poison Jab,Weather Ball,Rain Dance,Adamant,7,258,190,143,254,243,213,,,,,,,
Cranidos,408,--,Mold Breaker,Head Smash,Earthquake,Strength,Scary Face,Jolly,21,286,297,127,96,107,179,,,,,,,
Rampardos,409,--,Mold Breaker,Rock Slide,Rock Climb,Rock Smash,Rock Polish,Calm,8,334,308,167,143,179,150,,,,,,,
Shieldon,410,--,Soundproof,Iron Tail,Stone Edge,Fissure,Metal Burst,Relaxed,31,264,155,306,120,233,58,,,,,,,
Bastiodon,411,--,Sturdy,Flash Cannon,Fire Blast,Metal Burst,Metal Sound,Quiet,31,298,140,331,155,281,58,,,,,,,
Burmy-Plant,412,--,Shed Skin,Bug Bite,HP Flying 70,Tackle,Protect,Brave,31,221,172,126,156,125,96,,,,,,,
Burmy-Sand,412,--,Shed Skin,Bug Bite,HP Rock 70,Tackle,Protect,Brave,31,221,172,125,157,125,96,,,,,,,
Burmy-Trash,412,--,Shed Skin,Bug Bite,HP Dark 70,Tackle,Protect,Brave,31,221,172,126,157,126,97,,,,,,,
Wormadam-Plant,413,--,Anticipation,Leaf Storm,Signal Beam,Psychic,Growth,Bold,14,265,123,231,198,250,133,,,,,,,
Wormadam-Sandy,413,--,Anticipation,Earthquake,Bug Bite,Fissure,Sandstorm,Sassy,14,265,198,250,158,231,100,,,,,,,
Wormadam-Trash,413,--,Anticipation,Flash Cannon,Gunk Shot,Metal Sound,Magnet Rise,Sassy,14,265,178,230,178,253,100,,,,,,,
Mothim,414,--,Tinted Lens,Air Slash,Bug Buzz,Camouflage,Roost,Docile,31,313,224,168,224,168,199,,,,,,,
Combee,415,--,Honey Gather,Bug Buzz,Air Cutter,Mud-Slap,Heal Order,Timid,31,222,86,141,138,141,216,,,,,,,
Vespiquen,416,--,Pressure,Attack Order,Air Cutter,Power Gem,Defend Order,Timid,10,282,157,241,197,241,170,,,,,,,
Pachirisu,417,--,Volt Absorb,Super Fang,Thunderbolt,Grass Knot,Swagger,Modest,16,267,99,182,172,218,232,,,,,,,
Buizel,418,--,Swift Swim,Waterfall,Ice Beam,Brick Break,Rain Dance,Lonely,23,264,196,107,169,109,219,,,,,,,
Floatzel,419,--,Water Veil,Aqua Tail,Crunch,Taunt,Bulk Up,Calm,8,309,219,144,204,147,254,,,,,,,
Cherubi,420,--,Chlorophyll,Solarbeam,Weather Ball,Leech Seed,Sunny Day,Modest,31,252,95,131,245,147,139,,,,,,,
Cherrim,421,--,Flower Gift,Seed Bomb,Frustration (102),Tickle,Sunny Day,Adamant,31,306,201,201,189,217,231,,,,,,,
Shellos-West,422,--,Storm Drain,Surf,Earth Power,Ice Beam,Pain Split,Modest,31,318,118,157,194,185,129,,,,,,,
Shellos-East,422,--,Storm Drain,Dive,Fissure,Rest,Sleep Talk,Adamant,31,318,174,157,135,185,129,,,,,,,
Gastrodon-West,423,--,Storm Drain,Earth Power,Muddy Water,Mirror Coat,Harden,Hardy,9,362,201,171,219,199,113,,,,,,,
Gastrodon-East,423,--,Storm Drain,Earthquake,Waterfall,Counter,Harden,Hardy,9,362,201,171,219,199,113,,,,,,,
Ambipom,424,--,Technician,Fake Out,Cut,Aerial Ace,Screech,Hardy,9,290,235,167,155,167,265,,,,,,,
Drifloon,425,--,Aftermath,Shadow Ball,Air Cutter,Thunderbolt,Destiny Bond,Timid,31,321,122,125,198,145,240,,,,,,,
Drifblim ,426,--,Aftermath,Ominous Wind,Thunder,Weather Ball,Rain Dance,Quirky,0,410,165,125,216,145,197,,,,,,,
Buneary,427,--,Limber,Frustration (102),Jump Kick,Ice Punch,Charm,Adamant,31,252,254,124,111,148,269,,,,,,,
Lopunny,428,--,Cute Charm,Dizzy Punch,Jump Kick,Captivate,Foresight,Bashful,9,263,207,196,143,220,245,,,,,,,
Mismagius,429,--,Levitate,Shadow Ball,Sucker Punch,Thunder Wave,Imprison,Adamant,8,259,192,143,219,233,245,,,,,,,
Honchkrow,430,--,Super Luck,Fly,Night Slash,Taunt,Whirlwind,Timid,0,331,248,130,236,130,184,,,,,,,
Glameow,431,--,Limber,Fake Out,Last Resort,--,--,Jolly,25,247,203,128,102,118,243,,,,,,,
Purugly,432,--,Thick Fat,Body Slam,Dig,Feint Attack,Assist,Jolly,12,285,202,166,149,156,288,,,,,,,
Chingling,433,--,Levitate,Psychic,Signal Beam,Calm Mind,Recover,Bold,31,294,86,184,166,188,126,,,,,,,
Stunky,434,--,Aftermath,Sucker Punch,Punishment,Dig,Swagger,Adamant,31,291,222,154,106,142,199,,,,,,,
Skuntank,435,--,Aftermath,Night Slash,Flamethrower,Poison Gas,Haze,Quiet,9,346,221,169,194,157,182,,,,,,,
Bronzor,436,--,Levitate,Extrasensory,Gyro Ball,Heal Block,Trick Room,Quiet,31,287,121,208,156,208,45,,,,,,,
Bronzong,437,--,Heatproof,Confusion,Gyro Ball,Charge Beam,Double Team,Quiet,9,274,213,267,212,267,90,,,,,,,
Bonsly,438,--,Sturdy,Rock Slide,Sucker Punch,Curse,Explosion,Adamant,31,285,259,226,50,169,56,,,,,,,
Mime Jr.,439,--,Filter,Psychic,Thunderbolt,Reflect,Teeter Dance,Modest,31,206,77,128,255,216,200,,,,,,,
Happiny,440,--,Serene Grace,Water Pulse,Counter,Toxic,Soft-Boiled,Bold,31,404,41,119,66,167,96,,,,,,,
Chatot,441,--,Keen Eye,Hyper Voice,Chatter,Mimic,Sing,Timid,16,299,154,132,226,126,246,,,,,,,
Spiritomb,442,--,Pressure,Dark Pulse,Shadow Sneak,Curse,Spite,Naive,9,240,219,251,219,225,115,,,,,,,
Gible,443,--,Rough Skin,Outrage,Earthquake,Stone Edge,Endure,Adamant,31,279,239,147,104,147,141,,,,,,,
Gabite,444,--,Rough Skin,Dragon Rush,Dig,Sandstorm,Stealth Rock,Hardy,16,283,222,172,142,152,206,,,,,,,
Garchomp,445,--,Sand Veil,Dragonbreath,Mud Shot,Rock Tomb,Sandstorm,Modest,0,343,238,212,181,192,209,,,,,,,
Munchlax,446,--,Thick Fat,Body Slam,Fire Punch,Amnesia,Curse,Sassy,18,419,214,124,103,235,68,,,,,,,
Riolu,447,--,Steadfast,High Jump Kick,Blaze Kick,Thunder Punch,Swords Dance,Jolly,31,246,201,141,95,141,201,,,,,,,
Lucario,448,--,Inner Focus,Aura Sphere,Bone Rush,Bullet Punch,Me First,Docile,5,276,251,171,261,171,211,,,,,,,
Hippopotas,449,--,Sand Stream,Earthquake,Rock Tomb,Curse,Yawn,Careful,31,311,180,212,129,154,121,,,,,,,
Hippowdon,450,Grip Claw,Sand Stream,Sand Tomb,Water Pulse,Toxic,Endure,Brave,31,389,355,272,141,212,117,,,,,,,
Skorupi,451,--,Sniper,X-Scissor,Cross Poison,Dig,Confuse Ray,Jolly,31,243,178,216,86,167,228,,,,,,,
Drapion,452,--,Sniper,Sludge Bomb,Night Slash,Toxic Spikes,Acupressure,Modest,7,278,191,253,168,183,223,,,,,,,
Croagunk,453,--,Dry Skin,Cross Chop,Sludge Bomb,Sucker Punch,Swagger,Adamant,31,262,203,141,142,141,161,,,,,,,
Toxicroak,454,--,Dry Skin,Fake Out,Focus Blast,Sludge Bomb,Flatter,Modest,8,305,221,164,226,164,204,,,,,,,
Carnivine,455,--,Levitate,Power Whip,Secret Power,Stun Spore,Gastro Acid,Docile,11,290,237,192,196,192,129,,,,,,,
Finneon,456,--,Swift Swim,Waterfall,Bounce,Payback,Rain Dance,Adamant,31,261,216,169,120,179,168,,,,,,,
Lumineon,457,--,Water Veil,Dive,Psybeam,Silver Wind,Charm,Modest,31,293,164,202,206,222,232,,,,,,,
Mantyke,458,--,Water Veil,Surf,Ice Beam,Confuse Ray,Toxic,Modest,22,243,79,148,184,288,148,,,,,,,
Snover,459,--,Snow Warning,Blizzard,Giga Drain,Grasswhistle,Sheer Cold,Bold,23,274,155,163,173,169,129,,,,,,,
Abomasnow,460,--,Snow Warning,Seed Bomb,Icy Wind,Focus Blast,Ingrain,Serious,8,319,218,184,218,204,154,,,,,,,
Weavile,461,--,Pressure,Ice Punch,Night Slash,Focus Blast,Leer,Modest,6,277,244,162,150,187,282,,,,,,,
Magnezone,462,--,Sturdy,Shock Wave,Mirror Shot,Tri Attack,Magnet Rise,Jolly,4,275,170,260,261,210,165,,,,,,,
Lickilicky,463,--,Own Tempo,Hyper Beam,Dynamic Punch,Rollout,Wring Out,Hardy,6,357,202,222,192,222,132,,,,,,,
Rhyperior,464,--,Lightning Rod,Rock Blast,Magnitude,Horn Drill,Stealth Rock,Timid,4,344,279,269,161,161,121,,,,,,,
Tangrowth,465,--,Leaf Guard,Solarbeam,Ancient Power,Stun Spore,Sunny Day,Careful,4,339,209,284,228,149,134,,,,,,,
Electivire,466,--,Motor Drive,Thunder Punch,Rolling Kick,Quick Attack,Leer,Calm,3,284,247,163,219,218,219,,,,,,,
Magmortar,467,--,Flame Body,Fire Punch,Psychic,Karate Chop,Smog,Impish,3,284,219,179,251,219,195,,,,,,,
Togekiss,468,--,Hustle,Extreme Speed,Air Cutter,Aura Sphere,Lucky Chant,Adamant,0,280,115,195,220,235,165,,,,,,,
Yanmega,469,--,Tinted Lens,Air Slash,Silver Wind,Quick Attack,Whirlwind,Lonely,6,309,202,183,264,144,222,,,,,,,
Leafeon,470,--,Leaf Guard,Leaf Blade,Shadow Ball,Quick Attack,Captivate,Modest,5,266,225,291,166,161,221,,,,,,,
Glaceon,471,--,Snow Cloak,Blizzard,Swift,Bite,Mirror Coat,Adamant,5,266,166,251,261,221,161,,,,,,,
Gliscor,472,--,Hyper Cutter,Dig,Aerial Ace,Taunt,Power Trick,Bold,0,281,194,303,116,176,216,,,,,,,
Mamoswine,473,--,Snow Cloak,Earth Power,Ice Fang,Ice Shard,Hail,Modest,4,355,261,190,187,150,190,,,,,,,
Porygon-Z,474,--,Adaptability,Swift,Shadow Ball,Thief,Conversion,Adamant,4,305,209,170,270,180,210,,,,,,,
Gallade,475,--,Steadfast,Psycho Cut,Drain Punch,Shadow Sneak,Memento,Bold,5,272,252,177,161,261,191,,,,,,,
Probopass,476,--,Sturdy,Power Gem,Magnet Bomb,Zap Cannon,Gravity,Bashful,5,256,141,321,181,331,111,,,,,,,
Dusknoir,477,--,Pressure,Astonish,Rock Smash,Taunt,Trick Room,Brave,31,293,328,307,166,307,85,,,,,,,
Froslass,478,--,Snow Cloak,Ominous Wind,Powder Snow,Disable,Destiny Bond,Modest,21,296,167,191,234,191,271,,,,,,,
Rotom,479,--,Levitate,Shadow Ball,Charge Beam,Confuse Ray,Pain Split,Gentle,13,244,139,173,229,212,221,,,,,,,
Uxie,480,--,Levitate,Zen Headbutt,Ice Punch,Swagger,Psych Up,Bold,0,281,158,314,176,286,216,,,,,,,
Mesprit,481,--,Levitate,Extrasensory,Thunder Punch,Reflect,Copycat,Serious,0,275,220,220,220,220,170,,,,,,,
Azelf,482,--,Levitate,Extrasensory,Fire Punch,Light Screen,Role Play,Docile,0,265,260,150,260,150,240,,,,,,,
Dialga,483,--,Pressure,Metal Claw,Twister,Metal Burst,Roar,Jolly,0,310,245,245,275,205,205,,,,,,,
Palkia,484,--,Pressure,Dive,Twister,Mud-Slap,Trick Room,Modest,0,290,220,205,335,245,205,,,,,,,
Heatran,485,Grip Claw,Flash Fire,Magma Storm,Rock Smash,Taunt,Endure,Adamant,0,292,203,217,238,217,159,,,,,,,
Regigigas,486,--,Slow Start,Giga Impact,Zen Headbutt,Drain Punch,Crush Grip,Modest,31,361,292,319,181,319,206,,,,,,,
Giratina,487,--,Pressure,Shadow Claw,Twister,Slash,Heal Block,Modest,0,410,184,245,225,245,185,,,,,,,
Cresselia,488,--,Levitate,Psychic,Aurora Beam,Psycho Shift,Lunar Dance,Bashful,0,350,145,245,164,265,165,,,,,,,
Phione,489,--,Hydration,Waterfall,Energy Ball,Ancient Power,Rain Dance,Timid,9,300,175,195,195,195,214,,,,,,,
Manaphy,490,--,Hydration,Bubble,Uproar,Heart Swap,Tail Glow,Quiet,31,341,236,268,328,268,212,,,,,,,
Darkrai,491,--,Bad Dreams,Thief,Dark Void,Nightmare,Haze,Quiet,0,250,185,185,302,185,229,,,,,,,
Shaymin,492,--,Natural Cure,Seed Flare,Swift,Aromatherapy,Worry Seed,Careful,0,310,205,205,185,225,205,,,,,,,
Arceus-Bug,493,Insect Plate,Multitype,Judgment,Future Sight,Rock Tomb,Fury Cutter,Jolly,0,350,245,245,220,245,269,,,,,,,
Arceus-Dark,493,Dread Plate,Multitype,Judgment,Future Sight,Poison Jab,Punishment,Jolly,0,350,245,245,220,245,269,,,,,,,
Arceus-Dragon,493,Draco Plate,Multitype,Judgment,Future Sight,Rock Smash,Dragon Claw,Jolly,0,350,245,245,220,245,269,,,,,,,
Arceus-Electric,493,Zap Plate,Multitype,Judgment,Future Sight,Bullet Seed,Thunder Wave,Jolly,0,350,245,245,220,245,269,,,,,,,
Arceus-Fire,493,Flame Plate,Multitype,Judgment,Future Sight,Brine,Blast Burn,Jolly,0,350,245,245,220,245,269,,,,,,,
Arceus-Fighting,493,Fist Plate,Multitype,Judgment,Future Sight,Ominous Wind,Seismic Toss,Jolly,0,350,245,245,220,245,269,,,,,,,
Arceus-Flying,493,Sky Plate,Multitype,Judgment,Future Sight,Shock Wave,Tailwind,Jolly,0,350,245,245,220,245,269,,,,,,,
Arceus-Ghost,493,Spooky Plate,Multitype,Judgment,Future Sight,Perish Song,Shadow Claw,Jolly,0,350,245,245,220,245,269,,,,,,,
Arceus-Grass,493,Meadow Plate,Multitype,Judgment,Future Sight,Iron Tail,Grass Knot,Jolly,0,350,245,245,220,245,269,,,,,,,
Arceus-Ground,493,Earth Plate,Multitype,Judgment,Future Sight,Silver Wind,Mud-Slap,Jolly,0,350,245,245,220,245,269,,,,,,,
Arceus-Ice,493,Icicle Plate,Multitype,Judgment,Future Sight,Water Pulse,Hail,Jolly,0,350,245,245,220,245,269,,,,,,,
Arceus-Normal,493,--,Multitype,Judgment,Future Sight,Shadow Ball,Refresh,Jolly,0,350,245,245,220,245,269,,,,,,,
Arceus-Poison,493,Toxic Plate,Multitype,Judgment,Future Sight,Heat Wave,Toxic,Jolly,0,350,245,245,220,245,269,,,,,,,
Arceus-Psychic,493,Mind Plate,Multitype,Judgment,Future Sight,Ancient Power,Magic Coat,Jolly,0,350,245,245,220,245,269,,,,,,,
Arceus-Rock,493,Stone Plate,Multitype,Judgment,Future Sight,Aerial Ace,Stealth Rock,Jolly,0,350,245,245,220,245,269,,,,,,,
Arceus-Steel,493,Iron Plate,Multitype,Judgment,Future Sight,Brick Break,Iron Head,Jolly,0,350,245,245,220,245,269,,,,,,,
Arceus-Water,493,Splash Plate,Multitype,Judgment,Future Sight,Icy Wind,Hydro Cannon,Jolly,0,350,245,245,220,245,269,,,,,,,
,,,,,,,,,,,,,,,,,,,,,,
"
",,,,,,,,,,,,,,,,,,,,,,